{
  "roc_auc_raw": 0.992280701754386,
  "ap_raw": 0.8754244829244828,
  "brier_raw": 0.029595099807592482,
  "roc_auc_cal": 0.9921637426900585,
  "ap_cal": 0.8925549762581246,
  "brier_cal": 0.015834646469355534,
  "n_test": 300
}